{"cameraMode":{"drawMode":0,"name":"Shaded","section":"Shading Mode"},"sceneLighting":true,"audioPlay":false,"sceneViewState":{"showFog":true,"showMaterialUpdate":false,"showSkybox":true,"showFlares":true,"showImageEffects":true,"showParticleSystems":true},"in2DMode":false,"pivot":{"x":-15.938907623291016,"y":0.7987703084945679,"z":-18.10291290283203},"rotation":{"x":-0.08885759115219116,"y":0.6549814939498901,"z":-0.07798072695732117,"w":-0.7463394999504089},"size":44.53337860107422,"orthographic":false}