{"cameraMode":{"drawMode":0,"name":"Shaded","section":"Shading Mode"},"sceneLighting":false,"audioPlay":false,"sceneViewState":{"showFog":true,"showMaterialUpdate":false,"showSkybox":true,"showFlares":true,"showImageEffects":true,"showParticleSystems":true},"in2DMode":false,"pivot":{"x":-0.023999998345971109,"y":2.4119999408721926,"z":0.23499999940395356},"rotation":{"x":-0.06297550350427628,"y":0.8236074447631836,"z":-0.09330776333808899,"w":-0.5558764934539795},"size":1.0162794589996338,"orthographic":false}