{"cameraMode":{"drawMode":0,"name":"Shaded","section":"Shading Mode"},"sceneLighting":true,"audioPlay":false,"sceneViewState":{"showFog":true,"showMaterialUpdate":false,"showSkybox":true,"showFlares":true,"showImageEffects":true,"showParticleSystems":true},"in2DMode":false,"pivot":{"x":1933.848388671875,"y":950.5875244140625,"z":-748.1734008789063},"rotation":{"x":0.019789963960647584,"y":0.9782638549804688,"z":-0.11141141504049301,"w":0.17376917600631715},"size":11.195340156555176,"orthographic":false}