{"cameraMode":{"drawMode":0,"name":"Shaded","section":"Shading Mode"},"sceneLighting":false,"audioPlay":false,"sceneViewState":{"showFog":true,"showMaterialUpdate":false,"showSkybox":true,"showFlares":true,"showImageEffects":true,"showParticleSystems":true},"in2DMode":false,"pivot":{"x":-1.5196036100387574,"y":2.192460060119629,"z":-0.28912878036499026},"rotation":{"x":-0.08989840745925904,"y":0.744976818561554,"z":-0.1025611087679863,"w":-0.6530001759529114},"size":2.4825146198272707,"orthographic":false}